id	env	action	status_class	file	source	line	proofs	in_closure	deps	stage1	labels
def:polygon	definition	DEFINE		sm-1-polygons.tex	reference/SM/sm-1-polygons.tex	27	0	Y		Y	def:polygon
def:chirotope	definition	DEFINE		sm-1-polygons.tex	reference/SM/sm-1-polygons.tex	63	0	Y		Y	def:chirotope
lem:chi-basic	lemma	PROVE	proved (refereed: bench A 2026-09-12T06:44:52Z, bench B 2026-09-12T06:57:24Z; SM1-carried, read on SM12, repaired in round 12 (F-25-194), re-read on SM13)	sm-1-polygons.tex	reference/SM/sm-1-polygons.tex	72	1	Y		Y	lem:chi-basic
def:generic	definition	DEFINE		sm-1-polygons.tex	reference/SM/sm-1-polygons.tex	100	0	Y		Y	def:generic
lem:g1	lemma	PROVE	proved (refereed: bench A 2026-09-12T06:44:52Z, bench B 2026-09-12T06:57:24Z; SM1-carried, read on SM12, repaired in round 12 (F-25-190, F-25-195), re-read on SM13)	sm-1-polygons.tex	reference/SM/sm-1-polygons.tex	110	1	Y		Y	lem:g1
def:crossings	definition	DEFINE		sm-1-polygons.tex	reference/SM/sm-1-polygons.tex	138	0	Y		Y	def:crossings
lem:crossing-test	lemma	PROVE	proved (refereed: bench A 2026-09-12T06:44:52Z, bench B 2026-09-12T06:57:24Z; SM1-carried, read on SM12, repaired in round 12 (F-25-196), re-read on SM13)	sm-1-polygons.tex	reference/SM/sm-1-polygons.tex	148	1	Y	lem:chi-basic lem:g1	Y	lem:crossing-test
lem:wall-segment-stability	lemma	PROVE	new (round~4: no frozen-source statement carries this lemma --- the former locator RC tr:five-events is the five-event classification and does not state it, and the persistence argument appears only inside proofs (CV lem:dictionary, clause~(b); RC guard:canonical); the round-1 proof printed here is self-contained; F-25-139; cleared by bench~A on SM4 (2026-09-05T23:49:15Z))	sm-1-polygons.tex	reference/SM/sm-1-polygons.tex	178	1	Y		Y	lem:wall-segment-stability
def:chamber	definition	DEFINE		sm-1-polygons.tex	reference/SM/sm-1-polygons.tex	206	0	Y		Y	def:chamber
prop:chambers	proposition	PROVE	new (round~5: the two persistence clauses of the proof cited to Lemma~\ref{lem:wall-segment-stability}, F-25-143; the remainder is the SM1 proof, audited there)	sm-1-polygons.tex	reference/SM/sm-1-polygons.tex	213	1	Y	lem:crossing-test lem:g1 lem:wall-segment-stability	Y	prop:chambers
def:gauss	definition	DEFINE		sm-1-polygons.tex	reference/SM/sm-1-polygons.tex	249	0	Y		Y	def:gauss
def:interlace	definition	DEFINE		sm-1-polygons.tex	reference/SM/sm-1-polygons.tex	259	0	Y		Y	def:interlace
def:visible	definition	DEFINE		sm-1-polygons.tex	reference/SM/sm-1-polygons.tex	270	0	Y		Y	def:visible
def:weak	definition	DEFINE		sm-1-polygons.tex	reference/SM/sm-1-polygons.tex	279	0	Y		Y	def:weak
def:regular	definition	DEFINE		sm-1-polygons.tex	reference/SM/sm-1-polygons.tex	386	0	Y		Y	def:regular
def:shift	definition	DEFINE		sm-1-polygons.tex	reference/SM/sm-1-polygons.tex	398	0	Y		Y	def:shift
lem:rot	lemma	PROVE	proved (refereed: bench A 2026-09-12T06:44:52Z, bench B 2026-09-12T06:57:24Z; SM1-carried, read on SM12, no text change, re-read on SM13)	sm-1-polygons.tex	reference/SM/sm-1-polygons.tex	407	1	Y		Y	lem:rot
lem:uniformrot	lemma	PROVE	proved (refereed: bench A, 2026-09-05T15:51:04Z; transcribed from CV lem:uniformrot (mirror clauses by reversal, C033))	sm-1-polygons.tex	reference/SM/sm-1-polygons.tex	440	1	Y	lem:rot	Y	lem:uniformrot
lem:shift	lemma	PROVE	proved (refereed: bench A 2026-09-12T06:44:52Z, bench B 2026-09-12T06:57:24Z; SM1-carried, read on SM12, repaired in round 12 (F-25-189, F-25-193), re-read on SM13)	sm-1-polygons.tex	reference/SM/sm-1-polygons.tex	496	1	Y	def:regular lem:chi-basic lem:g1 lem:rot	Y	lem:shift
def:admissible	definition	DEFINE		sm-1-polygons.tex	reference/SM/sm-1-polygons.tex	539	0	Y		Y	def:admissible
lem:fibres	lemma	PROVE	proved (refereed: bench A, 2026-09-05T23:45:25Z and 2026-09-06T01:58:43Z; transcribed from CV thm:zeroanchor(A) (C003); round~4 scope note: CV(A) supplies existence for CV's genericity (every relevant member of CV's guarded list nonzero, which constrains only vertex triples containing a cyclically consecutive pair), strictly weaker than the genericity stated here from $n=6$ on (bench~A's witness $((0,0),\allowbreak(8,-11),\allowbreak(2,0),\allowbreak(5,-9),\allowbreak(-7,0),\allowbreak(6,-11))$); the all-triple construction $D_{ijk}$ printed in the proof is this document's own strengthening, refereed sound by bench~A (F-25-138); round~5: the density clause its proof establishes (every nonempty open subset of $(\RR^2)^n$, $n\geq3$, contains a generic polygon) exported in the statement, with one sentence of the proof pointing the avoidance argument at an arbitrary open set, F-25-146)	sm-1-polygons.tex	reference/SM/sm-1-polygons.tex	547	1	Y	lem:rot	Y	lem:fibres
def:germ	definition	DEFINE		sm-1-polygons.tex	reference/SM/sm-1-polygons.tex	680	0	Y		Y	def:germ
lem:triple-sides	lemma	PROVE	proved (refereed: bench A, 2026-09-05T15:51:04Z; transcribed from RA R-LOC-2, stated there for a simple transversal event; the printed proof covers every germ with $Z_{\rm pt}=\varnothing$ and $Z_{\rm c}$ the single triple $\{e,f,g\}$ (C015; F-25-44))	sm-1-polygons.tex	reference/SM/sm-1-polygons.tex	697	1	Y	lem:wall-segment-stability	Y	lem:triple-sides
def:walls	definition	DEFINE		sm-1-polygons.tex	reference/SM/sm-1-polygons.tex	737	0	Y		Y	def:walls
lem:flat-sides	lemma	PROVE	proved (refereed: bench A, 2026-09-05T23:45:25Z and 2026-09-06T04:22:56Z; transcribed from CV lem:flatdata --- (i),(ii) from its clauses (i),(ii); (iii) from its clause (ii) (the deletion is generic and carries the same data under the fused-edge identification) together with the fused-segment paragraph of its proof (the incident directions are positive multiples of the fused direction) and, for the nearby deletions lying in the chamber of the central one, CV thm:main(A)(i) (d9\_induction; stated there for CV's simple flat events under its guarded genericity, whereas this lemma asserts it under the all-triple genericity of its hypothesis, the printed proof carrying the wider scope; bench B, P-25-37/38, F-25-177) (P-25-3, C007); round~4: the flat-centre crossing data defined in clause~(ii), F-25-140; the proof's ``positive lift'' phrase replaced by the statement's positive over/under data, F-25-112)	sm-1-polygons.tex	reference/SM/sm-1-polygons.tex	778	1	Y	def:crossings def:gauss def:interlace	Y	lem:flat-sides flatpr:fusion
lem:wall-sides	lemma	PROVE	proved (refereed: bench A, 2026-09-05T15:51:04Z; transcribed from CV lem:flatdata; CV lem:silence, its proof, for (E),(C); RC tr:five-events, gw:germs (S3/S4/S7/R3 only), flat:pure (C015; F-25-45))	sm-1-polygons.tex	reference/SM/sm-1-polygons.tex	923	1	Y	lem:flat-sides lem:triple-sides lem:wall-segment-stability	Y	lem:wall-sides
lem:cusp-sides	lemma	PROVE	proved (refereed: bench A, 2026-09-05T15:51:04Z; transcribed from CV lem:cuspcases; RC mt:s4 for the rotation clause, $\kappa=+\tau_j$ on the loop side (P-25-1, C004))	sm-1-polygons.tex	reference/SM/sm-1-polygons.tex	1051	1	Y		Y	lem:cusp-sides cusppr:data cusppr:rotation-law
def:deletion-halves	definition	DEFINE		sm-1-polygons.tex	reference/SM/sm-1-polygons.tex	1254	0	Y		Y	def:deletion-halves
lem:children	lemma	PROVE	proved (refereed: bench A, 2026-09-05T18:22:57Z; transcribed from CV lem:flatdata(ii), thm:main(H); RC flat:s3, s7:halves (C015); the two locators use different index conventions --- CV one-based tail, identical to this document; RC zero-based head with a one-step shift, its vertex $r$ being vertex $r+1$ here and its incoming edge $e_r$ the edge $E_r$ (Section~\ref{sec:conventions}) --- and the deletion $P(0)\setminus j$ and the vertex counts of the halves are stated in this document's labels (F-25-104); round~5: clause (i)'s chamber conclusion is also CV thm:main(A)(i), stated there for CV's simple flat events under its guarded genericity (Convention conv:events), whereas this document asserts it for the simple flat wall of Definition~\ref{def:walls} under the all-triple genericity of Definition~\ref{def:generic} --- the printed proof (Lemma~\ref{lem:flat-sides}(iii) with the openness of the generic locus) carries the wider scope, F-25-104 (codex B-Q1-CHILD-AI))	sm-1-polygons.tex	reference/SM/sm-1-polygons.tex	1269	1	Y	def:deletion-halves lem:flat-sides lem:wall-sides	Y	lem:children
lem:transport-polynomials	lemma	PROVE	proved (refereed: bench A, 2026-09-05T15:51:04Z; transcribed from RC tr:factors restricted to the $\Delta$ and $T$ classes, with RC tr:bezout for the per-coordinate certificates (C021); the coordinate-affine specialization and the irreducibility argument are printed here (F-25-183))	sm-1-polygons.tex	reference/SM/sm-1-polygons.tex	1319	1	Y		Y	lem:transport-polynomials transport:delta transport:T
thm:relgp	theorem	PROVE	proved (refereed: bench A, 2026-09-05T15:51:04Z and 2026-09-06T01:50:42Z; transcribed from RC tr:gp, tr:five-events (C021))	sm-1-polygons.tex	reference/SM/sm-1-polygons.tex	1412	1	Y	lem:g1 lem:transport-polynomials lem:wall-segment-stability	Y	thm:relgp
def:root	definition	DEFINE		sm-2-amplitude.tex	reference/SM/sm-2-amplitude.tex	10	0	Y		Y	def:root
def:gates	definition	DEFINE		sm-2-amplitude.tex	reference/SM/sm-2-amplitude.tex	29	0	Y		Y	def:gates
lem:gates-nonzero	lemma	PROVE	proved (refereed: bench A 2026-09-12T06:44:52Z, bench B 2026-09-12T06:57:24Z; SM1-carried, read on SM12, no text change, re-read on SM13)	sm-2-amplitude.tex	reference/SM/sm-2-amplitude.tex	46	1	Y	def:gates	Y	lem:gates-nonzero
def:treesum	definition	DEFINE		sm-2-amplitude.tex	reference/SM/sm-2-amplitude.tex	66	0	Y		Y	def:treesum
lem:treesum-trees	lemma	PROVE	new (round~5: the formal-variable clause exported --- the grafting bijection of the proof uses nothing about the gate values, so the identity holds in the polynomial ring in those values and specializes to every evaluation, F-25-150; the remainder is the SM1 proof, audited there)	sm-2-amplitude.tex	reference/SM/sm-2-amplitude.tex	84	1	Y	def:gates def:treesum	Y	lem:treesum-trees
prop:A-chamber	proposition	PROVE	proved (refereed: bench A 2026-09-12T06:44:52Z, bench B 2026-09-12T06:57:24Z; SM1-carried, read on SM12, repaired in round 12 (F-25-191), re-read on SM13)	sm-2-amplitude.tex	reference/SM/sm-2-amplitude.tex	121	1	Y	def:gates def:treesum prop:chambers	Y	prop:A-chamber
def:nearfar	definition	DEFINE		sm-2-amplitude.tex	reference/SM/sm-2-amplitude.tex	137	0	Y		Y	def:nearfar
lem:farout	lemma	PROVE	proved (refereed: bench A, 2026-09-05T15:51:04Z; transcribed from RC mt:factorization, mt:far-only (C022))	sm-2-amplitude.tex	reference/SM/sm-2-amplitude.tex	151	1	Y	def:nearfar	Y	lem:farout afr:factor afr:far-output
thm:single-triple	theorem	PROVE	proved (refereed: bench A, 2026-09-05T15:51:04Z and 2026-09-05T19:42:49Z; transcribed from RC mt:wall-response (C022))	sm-2-amplitude.tex	reference/SM/sm-2-amplitude.tex	234	1	Y	lem:farout	Y	thm:single-triple afr:wall-data afr:wall-epsilons afr:wall-uv afr:wall-proper afr:wall-full
def:induced-roots	definition	DEFINE		sm-2-amplitude.tex	reference/SM/sm-2-amplitude.tex	385	0	Y		Y	def:induced-roots
thm:A-S3	theorem	PROVE	proved (refereed: bench A, 2026-09-05T15:51:04Z; transcribed from RC mt:s3 (C022))	sm-2-amplitude.tex	reference/SM/sm-2-amplitude.tex	401	1	Y	def:induced-roots thm:single-triple	Y	thm:A-S3 afr:S3
thm:A-S4	theorem	PROVE	proved (refereed: bench A, 2026-09-05T15:51:04Z; transcribed from RC mt:s4 (C022))	sm-2-amplitude.tex	reference/SM/sm-2-amplitude.tex	460	1	Y	lem:rot thm:single-triple	Y	thm:A-S4 afr:S4
thm:A-S7	theorem	PROVE	proved (refereed: bench A, 2026-09-05T15:51:04Z; transcribed from RC mt:s7 (C024))	sm-2-amplitude.tex	reference/SM/sm-2-amplitude.tex	525	1	Y	def:deletion-halves def:induced-roots lem:children lem:farout thm:single-triple	Y	thm:A-S7 as7:law
thm:A-R3E	theorem	PROVE	proved (refereed: bench A, 2026-09-05T15:51:04Z; transcribed from (ii) RC mt:extension, mt:pure; (i) as in SM1 (C024))	sm-2-amplitude.tex	reference/SM/sm-2-amplitude.tex	593	1	Y	def:gates def:walls lem:farout thm:single-triple	Y	thm:A-R3E
def:soft	definition	DEFINE		sm-2-amplitude.tex	reference/SM/sm-2-amplitude.tex	996	0	Y		Y	def:soft
lem:soft-generic	lemma	PROVE	new (round~4: the geometric facts consumed by Theorem~\ref{thm:C-soft} exported as clauses (i)--(iv) --- turn signs, soft-edge contacts, inherited crossings with their parameters, order and direction-determinant signs, the unique newborn crossing and its short arc; adopted from the Codex proposal sm4\_round4\_exports\_v1, P-25-24, F120-GEOMETRY, re-read by the author; F-25-120; cleared by bench~A on SM5 (2026-09-06T00:32:58Z))	sm-2-amplitude.tex	reference/SM/sm-2-amplitude.tex	1017	1	Y	def:soft	Y	lem:soft-generic
thm:A-soft	theorem	PROVE	proved (refereed: bench A, 2026-09-05T15:51:04Z; transcribed from RC mt:pruning, mt:soft-duplication (C017))	sm-2-amplitude.tex	reference/SM/sm-2-amplitude.tex	1157	1	Y		Y	thm:A-soft aspr:soft-law
prop:A-reversal	proposition	PROVE	proved (refereed: bench A, 2026-09-05T15:51:04Z; transcribed from RC mt:covariance; appendix\_v7 eq:treecuts (C017; F-25-20))	sm-2-amplitude.tex	reference/SM/sm-2-amplitude.tex	1508	1	Y	lem:treesum-trees	Y	prop:A-reversal arpr:reversal
def:decomposition	definition	DEFINE		sm-3-statesum.tex	reference/SM/sm-3-statesum.tex	9	0	Y	def:interlace	Y	def:decomposition
def:smoothing	definition	DEFINE		sm-3-statesum.tex	reference/SM/sm-3-statesum.tex	14	0	Y		Y	def:smoothing
conv:selected-visits	convention	DEFINE		sm-3-statesum.tex	reference/SM/sm-3-statesum.tex	29	0	Y		Y	conv:selected-visits
lem:carriers	lemma	PROVE	proved (refereed: bench A, 2026-09-05T19:48:09Z; transcribed from CV lem:carriers, lem:carrierword (d7\_anchors, d6\_vertexedge); RC def:canonical-total) for clauses (i)--(iii); clause (iv), ``including every selected visit'', is a new argument of round~1 with no frozen-source locator, cleared by bench~A on SM4 (2026-09-05T19:48:09Z) and listed in Section~\ref{sec:newlist} (F-25-133, F-25-134; with Convention~\ref{conv:selected-visits}, C005)	sm-3-statesum.tex	reference/SM/sm-3-statesum.tex	54	1	Y		Y	lem:carriers
def:uniform	definition	DEFINE		sm-3-statesum.tex	reference/SM/sm-3-statesum.tex	242	0	Y		Y	def:uniform
def:positive-lift	definition	DEFINE		sm-3-statesum.tex	reference/SM/sm-3-statesum.tex	325	0	Y		Y	def:positive-lift
def:gauss-record	definition	DEFINE		sm-3-statesum.tex	reference/SM/sm-3-statesum.tex	352	0	Y		Y	def:gauss-record eq:gauss-cross-sign
lem:gauss-two-discs	lemma	PROVE	proved (refereed: bench A, 2026-09-05T15:51:04Z; transcribed from RC fd:pl-discs (C016))	sm-3-statesum.tex	reference/SM/sm-3-statesum.tex	428	1	Y		Y	lem:gauss-two-discs
def:flat-carriers	definition	DEFINE		sm-3-statesum.tex	reference/SM/sm-3-statesum.tex	788	0	Y	conv:selected-visits def:smoothing	Y	def:flat-carriers
cor:flat-carriers	corollary	PROVE	proved (refereed: bench A, 2026-09-05T23:45:25Z; transcribed from CV lem:flatdata, carrier data (P-25-3, C007); round~3: the carriers are those of Definition~\ref{def:flat-carriers}, F-25-102; round~4: clause~(ii)'s rotation sentence covers the centre copy as well, which CV lem:flatdata(iv) omits --- a broadening of this document, refereed sound by bench~A (F-25-141))	sm-3-statesum.tex	reference/SM/sm-3-statesum.tex	805	1	Y	def:flat-carriers lem:flat-sides	Y	cor:flat-carriers flatpr:selector-identity
lit:homfly	literature	AXIOM	lit: Registry~\ref{reg:homfly}; existence, the skein, the unknot value and Reidemeister invariance: Lickorish--Millett \cite[Theorem, pp.~112--113; proof pp.~113--120; isotopy-class descent p.~120]{LickorishMillett}, the coefficient ring $\ZZ[a^{\pm1},z^{\pm1}]$ under $l=ia$, $m=-iz$ from LM property~(1), p.~110, proved as their Proposition~22 \cite[statement p.~133, proof pp.~133--134]{LickorishMillett}, whose parity clause holds at every component count (seat L-1 EXIT; F-25-169), the descent through Reidemeister's theorem \cite{Reidemeister,Reidemeister1927}; the former uniqueness clause over $\ZZ[a^{\pm1},z^{\pm1}]$ was stated in no source, was consumed by no proof of this document from round~3 on, every consumer taking uniqueness from Lemma \texttt{lp:coefficient-transport}, and was struck from the statement in round~4 (R-25-33, F-25-131); F-25-110, F-25-54, F-25-55	sm-3-statesum.tex	reference/SM/sm-3-statesum.tex	916	0	Y		Y	lit:homfly
lp:lm	literature	AXIOM	lit: Registry~\ref{reg:homfly}; local construction only	sm-3-statesum.tex	reference/SM/sm-3-statesum.tex	935	0	Y		Y	lp:lm src:lm lp:source-skein
lp:lm-uniqueness	literature	AXIOM	lit: Registry~\ref{reg:homfly}; uniqueness over the source ring only, with Reidemeister's theorem	sm-3-statesum.tex	reference/SM/sm-3-statesum.tex	962	0	Y		Y	lp:lm-uniqueness
lp:coefficient-transport	lemma	PROVE	new (author, round~2; adapted from Codex S54-P1 = P-25-10, sealed lane candidate\_source\_findings\_51\_58\_v1; declared campaign step transporting Literature input~\ref{lp:lm-uniqueness} to $R$, flagged for source cross-check under rule~8; consumed in round~3 by Theorem \texttt{lp:core} (the identification $P=H$) and Theorem \texttt{cf:thm-carrierfloor} (clause~(R) and the mirror paragraph), and through clause~(R) by Proposition \texttt{prop:C-reversal}; F-25-54)	sm-3-statesum.tex	reference/SM/sm-3-statesum.tex	981	1	Y	lp:lm-uniqueness	Y	lp:coefficient-transport
lp:core	theorem	PROVE	new (round~3: the identification paragraph of the proof consumes Lemma~\ref{lp:coefficient-transport}, F-25-54; the remainder of the proof is the round-1 transcription of RC lp:core, \path{d2b_local_polynomial} (C026), held by bench~A; consumes Literature inputs~\ref{lp:lm} and~\ref{lit:homfly})	sm-3-statesum.tex	reference/SM/sm-3-statesum.tex	1041	1	Y	lit:homfly lp:coefficient-transport lp:lm lp:lm-uniqueness	Y	lp:core lp:skein lp:support
lp:split-circle	lemma	PROVE	proved (refereed: bench A, 2026-09-05T15:51:04Z; transcribed from RC d2b\_local\_polynomial, split circle (C026))	sm-3-statesum.tex	reference/SM/sm-3-statesum.tex	1180	1	Y		Y	lp:split-circle lp:split
rp:record-polynomial	lemma	PROVE	proved (refereed: bench A, 2026-09-05T15:51:04Z; transcribed from RC d2b/d2c, named-record polynomial equality (C026))	sm-3-statesum.tex	reference/SM/sm-3-statesum.tex	1215	1	Y	def:gauss-record	Y	rp:record-polynomial
lc:presentations	lemma	PROVE	proved (refereed: bench A, 2026-09-05T19:35:00Z; transcribed from RC d2b\_local\_polynomial, lc:presentations (C026))	sm-3-statesum.tex	reference/SM/sm-3-statesum.tex	1306	1	Y	rp:record-polynomial	Y	lc:presentations
lc:single-crossing	lemma	PROVE	proved (refereed: bench A, 2026-09-05T19:35:00Z; transcribed from RC d2b\_local\_polynomial, lc:single-crossing (C026))	sm-3-statesum.tex	reference/SM/sm-3-statesum.tex	1345	1	Y		Y	lc:single-crossing
mp:join	theorem	PROVE	proved (refereed: bench A, 2026-09-05T15:51:04Z; transcribed from RC d2c\_polynomial\_products, marked join (C026))	sm-3-statesum.tex	reference/SM/sm-3-statesum.tex	1427	1	Y	lc:presentations lp:core	Y	mp:join mp:join-value
mp:stack	theorem	PROVE	proved (refereed: bench A, 2026-09-05T15:51:04Z; transcribed from RC d2c\_polynomial\_products, stack (C026))	sm-3-statesum.tex	reference/SM/sm-3-statesum.tex	1494	1	Y		Y	mp:stack mp:stack-value
mp:zero-link	lemma	PROVE	proved (refereed: bench A, 2026-09-05T15:51:04Z; transcribed from RC d2c\_polynomial\_products (C026))	sm-3-statesum.tex	reference/SM/sm-3-statesum.tex	1538	1	Y		Y	mp:zero-link
mp:lowest	theorem	PROVE	proved (refereed: bench A, 2026-09-05T15:51:04Z; transcribed from RC d2c\_polynomial\_products, lowest mixed row (C026))	sm-3-statesum.tex	reference/SM/sm-3-statesum.tex	1582	1	Y	lp:core mp:stack mp:zero-link	Y	mp:lowest mp:lowest-value
mp:blocks	lemma	PROVE	proved (refereed: bench A, 2026-09-05T15:51:04Z; transcribed from RC d2c\_polynomial\_products (C026))	sm-3-statesum.tex	reference/SM/sm-3-statesum.tex	1624	1	Y	lc:presentations mp:join	Y	mp:blocks
def:C	definition	DEFINE		sm-3-statesum.tex	reference/SM/sm-3-statesum.tex	1688	0	Y	def:decomposition def:generic	Y	def:C
lem:C-X1	lemma	PROVE	new (restricted in round 1 to the selector identity, C018; F-25-38)	sm-3-statesum.tex	reference/SM/sm-3-statesum.tex	1787	1	Y	def:C lem:carriers	Y	lem:C-X1 eq:C-selector-form
ng:front-domain	definition	DEFINE		sm-3-statesum.tex	reference/SM/sm-3-statesum.tex	1825	0	Y		Y	ng:front-domain
ng:smoothing-record	lemma	PROVE	new (round~5: the prose paragraph after Definition~\ref{ng:front-domain} wrapped as a statement so that the users of the symbol $P_{S(F)}$ cite it; F-25-136)	sm-3-statesum.tex	reference/SM/sm-3-statesum.tex	1843	1	Y	ng:front-domain rp:record-polynomial	Y	ng:smoothing-record
def:adeg	definition	DEFINE		sm-3-statesum.tex	reference/SM/sm-3-statesum.tex	1887	0	Y		Y	def:adeg
ng:commutation	lemma	PROVE	proved (refereed: bench A, 2026-09-05T15:51:04Z; transcribed from RC ng\_front (C029))	sm-3-statesum.tex	reference/SM/sm-3-statesum.tex	1921	1	Y	rp:record-polynomial	Y	ng:commutation
ng:front-I	lemma	PROVE	proved (refereed: bench A, 2026-09-05T15:51:04Z; transcribed from RC ng\_front (C029))	sm-3-statesum.tex	reference/SM/sm-3-statesum.tex	1950	1	Y		Y	ng:front-I
ng:front-II	lemma	PROVE	proved (refereed: bench A, 2026-09-05T15:51:04Z; transcribed from RC ng\_front (C029))	sm-3-statesum.tex	reference/SM/sm-3-statesum.tex	1972	1	Y		Y	ng:front-II
ng:front-III	lemma	PROVE	proved (refereed: bench A, 2026-09-05T15:51:04Z; transcribed from RC ng\_front (C029))	sm-3-statesum.tex	reference/SM/sm-3-statesum.tex	1990	1	Y		Y	ng:front-III
ng:deletions	lemma	PROVE	proved (refereed: bench A, 2026-09-05T23:45:25Z and 2026-09-06T01:58:43Z; transcribed from RC ng\_front (C029); round~5: the $s$ consequence of both branches carried into the statement ($\Delta s=-2$ for the zigzag deletion, $-1$ for the crossed-cusp shortcut) and printed at the two displays of the proof, with the citation of Ng at its point of use, F-25-142)	sm-3-statesum.tex	reference/SM/sm-3-statesum.tex	2008	1	Y		Y	ng:deletions
ng:circle	lemma	PROVE	proved (refereed: bench A, 2026-09-05T15:51:04Z; transcribed from RC ng\_front (C029))	sm-3-statesum.tex	reference/SM/sm-3-statesum.tex	2046	1	Y	lp:split-circle	Y	ng:circle
ng:cusp-skein	lemma	PROVE	proved (refereed: bench A, 2026-09-05T15:51:04Z; transcribed from RC ng\_front (C029))	sm-3-statesum.tex	reference/SM/sm-3-statesum.tex	2076	1	Y		Y	ng:cusp-skein
ng:finite-word	literature	AXIOM	lit: finite Ng--Rutherford word procedure; Registry~\ref{reg:slbound}; round~3: the scope of the import stated, F-25-83	sm-3-statesum.tex	reference/SM/sm-3-statesum.tex	2170	0	Y	ng:front-domain	Y	ng:finite-word
ng:local-front-bound	theorem	PROVE	proved (refereed: bench A, 2026-09-05T15:51:04Z, 2026-09-06T00:12:27Z and 2026-09-06T01:50:42Z; transcribed from RC ng:local-front-bound (C029); consumes Literature input~\ref{ng:finite-word})	sm-3-statesum.tex	reference/SM/sm-3-statesum.tex	2305	1	Y	ng:circle ng:commutation ng:cusp-skein ng:deletions ng:finite-word ng:front-I ng:front-II ng:front-III ng:front-domain ng:smoothing-record	Y	ng:local-front-bound ng:front-inequality
fd:transverse-neighborhood	lemma	PROVE	proved (refereed: bench A, 2026-09-05T15:51:04Z; transcribed from RC d2d\_contact\_constructions (C030))	sm-3-statesum.tex	reference/SM/sm-3-statesum.tex	2395	1	Y		Y	fd:transverse-neighborhood fd:transverse-model
fd:parameter-avoidance	lemma	PROVE	proved (refereed: bench A, 2026-09-05T15:51:04Z; transcribed from RC d2d\_contact\_constructions (C030))	sm-3-statesum.tex	reference/SM/sm-3-statesum.tex	2561	1	Y		Y	fd:parameter-avoidance
fd:contact-motions	lemma	PROVE	proved (refereed: bench A, 2026-09-05T15:51:04Z and 2026-09-06T01:50:42Z; transcribed from RC d2d\_contact\_constructions (C030))	sm-3-statesum.tex	reference/SM/sm-3-statesum.tex	2586	1	Y		Y	fd:contact-motions
fd:generic-front	theorem	PROVE	proved (refereed: bench A, 2026-09-06T00:35:51Z and 2026-09-06T01:58:43Z; transcribed from RC d2d\_contact\_constructions (C030); round~3: the exact cusp germ its last proof step establishes exported to the conclusion, F-25-86 (Codex R-P5, P-25-11); round~5: the conformal factor of the concatenated contact isotopy named $c_s$ and derived from Lemma~\ref{fd:contact-motions}, the cusp-germ function renamed $\psi$ and the second-derivative matrix $M$, a departure from RC's letters, F-25-154)	sm-3-statesum.tex	reference/SM/sm-3-statesum.tex	2613	1	Y	fd:contact-motions fd:parameter-avoidance	Y	fd:generic-front fd:generic-exact-germ
fd:linking-calculus	lemma	PROVE	proved (refereed: bench A, 2026-09-06T00:35:51Z and 2026-09-06T01:58:43Z; transcribed from RC d2d\_contact\_constructions (C030); round~3: the convention sentence moved to Remark~\ref{rem:sl-convention}, F-25-81; round~5: the projection-genericity class of the mixed-crossing clause defined in the statement (a direction regular for the pair) and the observer direction and plane orientation that fix its sign stated there, as its proof uses them, F-25-155)	sm-3-statesum.tex	reference/SM/sm-3-statesum.tex	2785	1	Y		Y	fd:linking-calculus fd:gauss-linking fd:framed-linking
ce:rounding	lemma	PROVE	proved (refereed: bench A, 2026-09-05T15:51:04Z; transcribed from RC ce\_rounding (C030))	sm-3-statesum.tex	reference/SM/sm-3-statesum.tex	3029	1	Y		Y	ce:rounding ce:exact-germ
ce:smoothing-record	corollary	PROVE	proved (refereed: bench A, 2026-09-05T15:51:04Z; transcribed from RC ce\_rounding (C030))	sm-3-statesum.tex	reference/SM/sm-3-statesum.tex	3171	1	Y	lp:core lp:lm rp:record-polynomial	Y	ce:smoothing-record
cp:finite-contact-path	lemma	PROVE	new (round~5: the uniform normal-injectivity radius of the ambient extension supplied, by the argument of the uniform normal chart in the proof of Lemma~\ref{fd:linking-calculus} applied to the family $H_s$ of embeddings of the finite union $C$, F-25-151; Corollary~\ref{ce:smoothing-record} cited for the smoothing-independence of $P_{S(F)}$, F-25-136; the remainder is the round-1 transcription of RC d2e\_contact\_bound (C030), held by bench~A; round~9: the status word at the L1 premise removed, F-25-180)	sm-3-statesum.tex	reference/SM/sm-3-statesum.tex	3210	1	Y	ce:rounding ce:smoothing-record fd:linking-calculus lit:homfly lp:core rp:record-polynomial	Y	cp:finite-contact-path cp:exact-cusp cp:endpoint-polynomial
def:transverse-front	definition	DEFINE		sm-3-statesum.tex	reference/SM/sm-3-statesum.tex	3328	0	Y		Y	def:transverse-front
src:contact	literature	AXIOM	lit: Etnyre and Geiges local front and pushoff formulas; Registry~\ref{reg:etnyre}; round~3: page-precise locators, the cusp count $D+U$ and the front class named, F-25-82, F-25-83, F-25-84	sm-3-statesum.tex	reference/SM/sm-3-statesum.tex	3341	0	Y	def:transverse-front	Y	src:contact fd:contact-inputs
fd:ng-bound	lemma	PROVE	new (round~3; Theorem~\ref{ng:local-front-bound} restated in Ng's self-linking form, so that the closure of Theorem \texttt{fd:contact} contains it; consumes Literature input~\ref{ng:finite-word} through that theorem; F-25-107; round~5: Lemma~\ref{ng:smoothing-record} cited for the symbol $P_{S(F)}$, F-25-136)	sm-3-statesum.tex	reference/SM/sm-3-statesum.tex	3379	1	Y	lp:core ng:front-domain ng:local-front-bound ng:smoothing-record	Y	fd:ng-bound fd:ng-input
fd:contact	theorem	PROVE	new (round~6: the crossing from the source's self-linking number to the number of \eqref{fd:framed-linking} cites Remark~\ref{rem:sl-convention}, F-25-168; round~5: the domain hypothesis of Lemma~\ref{fd:ng-bound} discharged for $F_T$ from Theorem~\ref{fd:generic-front} and the lemma cited by label, F-25-153; the sentence after \eqref{fd:front-writhe} restored to RC's wording, F-25-152; the remainder is the round-1 transcription of RC fd:contact, d2e\_contact\_bound (C030), held by bench~A; consumes Literature inputs~\ref{src:contact} and~\ref{lit:homfly}; round~3: the front class of \eqref{fd:front-writhe} named, F-25-82)	sm-3-statesum.tex	reference/SM/sm-3-statesum.tex	3404	1	Y	cp:finite-contact-path def:transverse-front fd:generic-front fd:linking-calculus fd:ng-bound fd:transverse-neighborhood lit:homfly ng:front-domain src:contact	Y	fd:contact fd:front-writhe fd:representative-bound
cf:def-turning	definition	DEFINE		sm-3-statesum.tex	reference/SM/sm-3-statesum.tex	3514	0	Y		Y	cf:def-turning
cf:lem-turnlift	lemma	PROVE	proved (refereed: bench A, 2026-09-05T18:22:57Z and 2026-09-06T04:22:56Z; transcribed from CV lem:turnlift (C032); round~3: the scoping sentence covers the smooth case, F-25-88)	sm-3-statesum.tex	reference/SM/sm-3-statesum.tex	3542	1	Y	cf:def-turning lem:rot	Y	cf:lem-turnlift
cf:lem-rounding	lemma	PROVE	proved (refereed: bench A, 2026-09-05T15:51:04Z and 2026-09-06T00:12:27Z; transcribed from CV lem:rounding (C032))	sm-3-statesum.tex	reference/SM/sm-3-statesum.tex	3644	1	Y	cf:def-turning cf:lem-turnlift lem:rot	Y	cf:lem-rounding
cf:lem-curl	lemma	PROVE	proved (refereed: bench A, 2026-09-05T15:51:04Z and 2026-09-06T00:32:58Z; transcribed from CV lem:curl (C032))	sm-3-statesum.tex	reference/SM/sm-3-statesum.tex	3870	1	Y	cf:def-turning cf:lem-rounding cf:lem-turnlift lp:core lp:lm rp:record-polynomial	Y	cf:lem-curl
cf:thm-carrierfloor	theorem	PROVE	new (round~3: clause~(R) and the mirror paragraph of the proof consume Lemma~\ref{lp:coefficient-transport}, F-25-54; the statement's commentary moved to Remark \texttt{rem:rounding-record} and the justification of~(R) into its proof, F-25-57, the rounding record and the determinacy clause of~(A) kept; the transverse knot named $K_T$, F-25-84; the $\rot$ scoping of~(R), F-25-88; the remainder is the round-1 transcription held by bench~A, with per-item locators: (R) the reversal and mirror deductions printed here; (A) CV thm:carrierfloor(A); (B) CV thm:carrierfloor(B); (C) CV thm:carrierfloor(C) (C032)); round~6: the spelling of the minimum $a$-degree unified with Definition~\ref{def:adeg} at three sites, F-25-173	sm-3-statesum.tex	reference/SM/sm-3-statesum.tex	4282	1	Y	cf:def-turning cf:lem-curl cf:lem-rounding cf:lem-turnlift fd:contact lem:rot lem:uniformrot lp:coefficient-transport lp:core rp:record-polynomial	Y	cf:thm-carrierfloor cf:eq-floor
thm:floor	theorem	PROVE	new (round~5: the general-polygon branch of the hypothesis removed --- its conclusion was stated in the symbols $H^+_Q$, $m_Q$, $d_Q$, defined only for a subpolygon of a decomposition, and no proof consumed it; the broader class stays available as clause~(C) of Theorem~\ref{cf:thm-carrierfloor} in diagram symbols, F-25-164; round~4: the non-incidence hypothesis of clause~(C) supplied at the site, F-25-132; the remainder is the round-1 transcription of CV thm:carrierfloor(A),(B),(C) via Theorem~\ref{cf:thm-carrierfloor}, lem:rounding, lem:curl (C032; F-25-47), held by bench~A; the $z$-parity clause is the knot clause of registry L-1, support half printed in Theorem~\ref{lp:core}, identification half consuming Literature input~\ref{lit:homfly} (F-25-48); lit: Registry~\ref{reg:etnyre}, \ref{reg:slbound}, \ref{reg:homfly}	sm-3-statesum.tex	reference/SM/sm-3-statesum.tex	4576	1	Y	cf:thm-carrierfloor def:adeg lem:carriers lp:core	Y	thm:floor
cb:blocks	definition	DEFINE		sm-3-statesum.tex	reference/SM/sm-3-statesum.tex	4623	0	Y		Y	cb:blocks cb:undominated
cb:products	lemma	PROVE	proved (refereed: bench A, 2026-09-06T00:35:51Z and 2026-09-06T02:03:45Z; transcribed from RC d6\_vertexedge, carrier products (C035); round~3, per clause (F-25-105): (a) one owner per block --- printed here from Lemma~\ref{lem:carriers}(iii),(iv); in RC the assertion sits with its canonical definition (def:canonical, d1\_setup: ``each such component has a unique owner carrier'', ``each undominated crossing has one owner'') and the splitting argument of def:canonical-total, and is applied in the unlabelled carrier-realization paragraph immediately after the proof of mp:blocks (d2c\_polynomial\_products, lines 471--489; the proof ends at line 469), not inside it (bench B, P-25-36/37 F105-POSITION); the round-3 locators s7:owner-restriction (an owner-restricted-set display) and s7:singleton (the singleton-cut lemma) do not carry it (F-25-105, re-checked in round~5); (b) an actual block diagram with the restricted record --- the greedy support printed here (RC mp:blocks takes such diagrams as supplied); (c) independence of $P_H$ from the further smoothings --- printed here from Lemma~\ref{rp:record-polynomial}; the product identity --- Lemma~\ref{mp:blocks} (RC d2c\_polynomial\_products mp:blocks))	sm-3-statesum.tex	reference/SM/sm-3-statesum.tex	4638	1	Y	lem:carriers lp:core mp:blocks rp:record-polynomial	Y	cb:products cb:product
cb:singleton	lemma	PROVE	proved (refereed: bench A, 2026-09-05T15:51:04Z, 2026-09-06T01:50:42Z and 2026-09-06T05:12:19Z; transcribed from RC d6\_vertexedge, isolated crossing (C035))	sm-3-statesum.tex	reference/SM/sm-3-statesum.tex	4697	1	Y	cb:products lc:single-crossing lem:carriers lem:uniformrot lp:core thm:floor	Y	cb:singleton
cb:embedded-rotation	lemma	PROVE	proved (refereed: bench A, 2026-09-05T19:32:30Z; transcribed from the exterior-angle count as printed (C035; F-25-40))	sm-3-statesum.tex	reference/SM/sm-3-statesum.tex	4760	1	Y	lem:gauss-two-discs lem:rot	Y	cb:embedded-rotation
lem:corner-values	lemma	PROVE	proved (refereed: bench A, 2026-09-05T18:22:57Z; transcribed from (i) via Lemma~\ref{cb:embedded-rotation}; (ii) CV thm:s7universal(D)(i) via Lemma~\ref{cb:singleton} (C035))	sm-3-statesum.tex	reference/SM/sm-3-statesum.tex	4801	1	Y	cb:embedded-rotation cb:singleton lp:core	Y	lem:corner-values
prop:C-chamber	proposition	PROVE	proved (refereed: bench A, 2026-09-05T18:22:57Z; transcribed from CV prop:chamberinv, through Lemma~\ref{lem:carriers} and the named-record bridge (Lemma~\ref{rp:record-polynomial}, Theorem~\ref{lp:core}) (C020, C027); F-25-95; single convention, CV one-based tail = this document (F-25-104))	sm-4-knotlaws.tex	reference/SM/sm-4-knotlaws.tex	36	1	Y	def:C def:chamber lem:carriers lem:rot lp:core prop:chambers rp:record-polynomial	Y	prop:C-chamber
prop:C-silent	proposition	PROVE	proved (refereed: bench A, 2026-09-05T15:51:04Z; transcribed from exterior extension CV lem:silence; pure cut as printed (C020, C027))	sm-4-knotlaws.tex	reference/SM/sm-4-knotlaws.tex	101	1	Y	def:visible lc:presentations lem:rot lem:wall-sides lp:core prop:C-chamber	Y	prop:C-silent ccf:silence
thm:C-S3	theorem	PROVE	proved (refereed: bench A, 2026-09-05T15:51:04Z; transcribed from CV thm:main(A)(ii), lem:flatdata (C020, C027))	sm-4-knotlaws.tex	reference/SM/sm-4-knotlaws.tex	153	1	Y	cor:flat-carriers def:C lc:presentations lem:carriers lem:flat-sides lp:core prop:C-chamber	Y	thm:C-S3 ccf:flat-law
lem:homflyrows	lemma	PROVE	proved (refereed: bench A, 2026-09-05T15:51:04Z; transcribed from CV lem:homflyrows via Theorems~\ref{mp:join}, \ref{mp:stack}, \ref{mp:lowest} (C028); its second sentence (the two-component row) consumes the knot clause of registry L-1 (F-25-48))	sm-4-knotlaws.tex	reference/SM/sm-4-knotlaws.tex	230	1	Y	def:positive-lift lit:homfly lp:core mp:join mp:lowest mp:stack	Y	lem:homflyrows
thm:C-S7	theorem	PROVE	proved (refereed: bench A, 2026-09-05T15:51:04Z, 2026-09-06T06:11:53Z and 2026-09-06T07:18:25Z; transcribed from CV thm:s7universal(F) with its Section~6; RC d6\_vertexedge (C036))	sm-4-knotlaws.tex	reference/SM/sm-4-knotlaws.tex	267	1	Y	cb:blocks cb:products cb:singleton def:deletion-halves def:smoothing lem:C-X1 lem:carriers lem:children lem:homflyrows lem:rot lem:uniformrot lem:wall-sides rp:record-polynomial thm:floor	Y	thm:C-S7
thm:C-S5	theorem	PROVE	proved (refereed: bench A, 2026-09-05T15:51:04Z; transcribed from CV thm:zeroanchor(S5) (P-25-2, C006))	sm-4-knotlaws.tex	reference/SM/sm-4-knotlaws.tex	910	1	Y	def:C def:smoothing def:uniform lem:cusp-sides prop:chambers	Y	thm:C-S5
thm:C-soft	theorem	PROVE	new (round~4: the proof consumes the exported geometry of Lemma~\ref{lem:soft-generic}(i)--(iv), chamber constancy, the carrier correspondence of Lemma~\ref{lem:carriers} and the record bridge (Lemma~\ref{rp:record-polynomial}, Theorem~\ref{lp:core}); adopted from the Codex proposal sm4\_round4\_exports\_v1, P-25-24, F120-C-PROOF, re-read by the author; assembly: Lemma~\ref{lem:soft-generic}(i)--(iv) new (round~4; cleared by bench~A on SM5, 2026-09-06T00:32:58Z), Proposition~\ref{prop:C-chamber} held, Lemma~\ref{lem:carriers} (i)--(iii) refereed and (iv) new (cleared by bench~A on SM4), Lemma~\ref{lem:corner-values} held, Lemma~\ref{rp:record-polynomial} refereed, Theorem~\ref{lp:core} new (its identification paragraph refereed on SM4), Lemma~\ref{lem:rot} proved; F-25-120; round~5: ``Gauss word'' for ``crossing word'' in the proof, F-25-148)	sm-4-knotlaws.tex	reference/SM/sm-4-knotlaws.tex	984	1	Y	def:C def:positive-lift def:soft lem:carriers lem:corner-values lem:rot lem:soft-generic lp:core prop:C-chamber rp:record-polynomial	Y	thm:C-soft
hyp:R	hypothesis	HYPOTHESIS	hyp	sm-4-knotlaws.tex	reference/SM/sm-4-knotlaws.tex	1149	0	Y		Y	hyp:R
def:star	definition	DEFINE		sm-5-transport.tex	reference/SM/sm-5-transport.tex	5	0	Y		Y	def:star
lem:star-generic	lemma	PROVE	new (round~4: $\gcd(r,2r+1)=1$ stated, proved and cited at its two uses; adopted from the Codex proposal sm4\_round4\_triple\_star\_v1 (seal 9a82b59a\ldots), F125, re-read by the author; F-25-125; cleared by bench~A on SM5 (2026-09-06T00:32:58Z))	sm-5-transport.tex	reference/SM/sm-5-transport.tex	16	1	Y	lem:chi-basic lem:shift	Y	lem:star-generic
lem:transport-lengths	lemma	PROVE	proved (refereed: bench A, 2026-09-05T15:51:04Z; transcribed from CV thm:mycyclic, prose proof in d8\_transport (C021))	sm-5-transport.tex	reference/SM/sm-5-transport.tex	75	1	Y		Y	lem:transport-lengths
lem:transport-angle-interval	lemma	PROVE	proved (refereed: bench A, 2026-09-05T15:51:04Z; transcribed from CV thm:mycyclic, prose proof in d8\_transport (C021))	sm-5-transport.tex	reference/SM/sm-5-transport.tex	132	1	Y		Y	lem:transport-angle-interval
thm:mycyclic	theorem	PROVE	proved (refereed: bench A, 2026-09-05T19:29:31Z; transcribed from CV thm:mycyclic --- the $k=0$ refinement from CV's proof, not its statement --- with RC root:four-components for the realizability of the four words at $(4,0)$; the two locators compose, each supplying a half (C021; F-25-49, F-25-104, F-25-129))	sm-5-transport.tex	reference/SM/sm-5-transport.tex	150	1	Y	lem:transport-angle-interval lem:transport-lengths	Y	thm:mycyclic
lem:transport	lemma	PROVE	proved (refereed: bench A, 2026-09-05T18:22:57Z; transcribed from SM1 lem:transport, from Theorems~\ref{thm:mycyclic}, \ref{thm:relgp} and Lemma~\ref{lem:children}; proof paraphrased in the base (C021); F-25-76)	sm-5-transport.tex	reference/SM/sm-5-transport.tex	299	1	Y	def:regular def:weak lem:children lem:rot thm:mycyclic thm:relgp	Y	lem:transport
lem:soft-rotation	lemma	PROVE	new	sm-5-transport.tex	reference/SM/sm-5-transport.tex	317	1	Y	lem:rot lem:soft-generic	Y	lem:soft-rotation
def:anchors	definition	DEFINE		sm-5-transport.tex	reference/SM/sm-5-transport.tex	373	0	Y	def:soft	Y	def:anchors
prop:anchors-exist	proposition	PROVE	new (round~4: the exhaustion of the three cases printed, adopted from the Codex proposal sm4\_round4\_core\_v1, P-25-23, F118, re-read by the author; F-25-118; cleared by bench~A on SM5 (2026-09-06T00:32:58Z) before the round-5 disjointness sentence of the exhaustion paragraph (F-25-150) and the citations of Proposition~\ref{prop:chambers} and of the density clause of Lemma~\ref{lem:fibres} in the loop-anchor construction (F-25-146))	sm-5-transport.tex	reference/SM/sm-5-transport.tex	399	1	Y	def:admissible def:anchors lem:fibres lem:rot lem:soft-generic lem:soft-rotation lem:star-generic prop:chambers	Y	prop:anchors-exist
prop:anchor-values	proposition	PROVE	new (round~4: chamber constancy added to the hypothesis and the function-dependent soft threshold handled by transport along the initial chamber; adopted from the Codex proposal sm4\_round4\_core\_v1, P-25-23, F119, re-read by the author; F-25-119; cleared by bench~A on SM5 (2026-09-06T00:32:58Z))	sm-5-transport.tex	reference/SM/sm-5-transport.tex	461	1	Y	def:anchors lem:soft-generic prop:A-chamber prop:C-chamber thm:A-soft thm:C-soft	Y	prop:anchor-values
lem:A-small-values	lemma	PROVE	new (round~4; extracted from the SM4 proof of Theorem~\ref{thm:root-indep-proof}; adopted from the Codex proposal sm4\_round4\_exports\_v1, P-25-24, F117-SMALL-LEMMA, re-read by the author; F-25-117; cleared by bench~A on SM5 (2026-09-06T00:32:58Z))	sm-6-comparison.tex	reference/SM/sm-6-comparison.tex	5	1	Y	def:star lem:chi-basic lem:gates-nonzero prop:A-reversal	Y	lem:A-small-values
thm:root-indep-proof	theorem	PROVE	new (round~4: the anchor parameter chosen below the geometric bound and the two root-specific soft bounds, F-25-119; the triangle value and the bow-tie table extracted to Lemma~\ref{lem:A-small-values} and the negative stars handled by reversal, F-25-117; Codex proposals P-25-23 and P-25-24 adopted or adapted)	sm-6-comparison.tex	reference/SM/sm-6-comparison.tex	53	1	Y	def:anchors def:chirotope def:root def:shift def:star lem:A-small-values lem:star-generic lem:transport prop:A-chamber prop:A-reversal prop:anchors-exist thm:A-R3E thm:A-S3 thm:A-S7 thm:A-soft	Y	thm:root-indep-proof
cor:A-lawful	corollary	PROVE	new (round~4 assembly: Theorem~\ref{thm:root-indep-proof} (new) removes the root choice; Proposition~\ref{prop:A-reversal}(i),(ii), Theorems~\ref{thm:A-S3}, \ref{thm:A-S4}, \ref{thm:A-S7}, \ref{thm:A-R3E} and~\ref{thm:A-soft} refereed; Proposition~\ref{prop:A-chamber} proved; Lemma~\ref{lem:A-small-values} (new) supplies the triangle values; F-25-117)	sm-6-comparison.tex	reference/SM/sm-6-comparison.tex	105	1	Y	lem:A-small-values prop:A-reversal thm:A-R3E thm:A-S3 thm:A-S4 thm:A-S7 thm:A-soft thm:root-indep-proof	Y	cor:A-lawful
thm:uniqueness	theorem	PROVE	new (round~4: the anchor step cites hypotheses (a) and (e), as Proposition~\ref{prop:anchor-values} now requires, F-25-119)	sm-6-comparison.tex	reference/SM/sm-6-comparison.tex	201	1	Y	cor:A-lawful def:anchors lem:transport prop:anchor-values prop:anchors-exist	Y	thm:uniqueness
thm:comparison	theorem	PROVE	new (assembly; Proposition~\ref{prop:C-silent}, Theorems~\ref{thm:C-S3} and~\ref{thm:C-S7} refereed; Proposition~\ref{prop:C-chamber} and Lemma~\ref{lem:corner-values} held; Theorem~\ref{thm:C-soft} new (round~4), unrefereed; Theorem~\ref{thm:uniqueness} new; conditional on Hypothesis~R; round~5: hypothesis (d) discharged by citing Hypothesis~\ref{hyp:R} by label, so that the ordering instrument records the consumption, F-25-160)	sm-6-comparison.tex	reference/SM/sm-6-comparison.tex	299	1	Y	def:C def:polygon hyp:R lem:corner-values prop:C-chamber prop:C-silent thm:C-S3 thm:C-S7 thm:C-soft thm:uniqueness	Y	thm:comparison
cor:C-inherits	corollary	PROVE	new (printed in round~1, C013; restricted to Corollary~\ref{cor:A-lawful}, F-25-11; round~3: proof completed with the domain checks on bench~A's named step, adapted from the Codex proposal P-25-19, F-25-11)	sm-6-comparison.tex	reference/SM/sm-6-comparison.tex	313	1	Y	cor:A-lawful def:C def:germ def:walls lem:children lem:soft-generic lem:star-generic thm:comparison	Y	cor:C-inherits
CV:def:polygon	definition	DEFINE		d1_setup.tex	reference/R/CV/d1_setup.tex	8	0	Y		Y	def:polygon
CV:def:regular	definition	DEFINE		d1_setup.tex	reference/R/CV/d1_setup.tex	22	0	Y		Y	def:regular
CV:def:guarded	definition	DEFINE		d1_setup.tex	reference/R/CV/d1_setup.tex	42	0	Y		Y	def:guarded
CV:def:generic	definition	DEFINE		d1_setup.tex	reference/R/CV/d1_setup.tex	220	0	Y	CV:def:guarded CV:def:polygon	Y	def:generic
CV:def:diagrammatic	definition	DEFINE		d1_setup.tex	reference/R/CV/d1_setup.tex	315	0	Y		Y	def:diagrammatic
CV:def:interlace	definition	DEFINE		d1_setup.tex	reference/R/CV/d1_setup.tex	346	0	Y		Y	def:interlace
CV:def:smoothing	definition	DEFINE		d1_setup.tex	reference/R/CV/d1_setup.tex	355	0	Y		Y	def:smoothing
CV:lem:carriers	lemma	PROVE		d1_setup.tex	reference/R/CV/d1_setup.tex	362	1	Y	CV:def:diagrammatic	Y	lem:carriers
CV:lem:carrierword	lemma	PROVE		d1_setup.tex	reference/R/CV/d1_setup.tex	450	1	Y		Y	lem:carrierword
CV:def:wind	definition	DEFINE		d1_setup.tex	reference/R/CV/d1_setup.tex	487	0	Y		Y	def:wind
CV:def:pieces	definition	DEFINE		d1_setup.tex	reference/R/CV/d1_setup.tex	514	0	Y		Y	def:pieces
CV:def:record	definition	DEFINE		d1_setup.tex	reference/R/CV/d1_setup.tex	522	0	Y		Y	def:record
CV:def:homfly	definition	DEFINE		d1_setup.tex	reference/R/CV/d1_setup.tex	552	0	Y		Y	def:homfly eq:homfly
CV:def:piecediagram	definition	DEFINE		d1_setup.tex	reference/R/CV/d1_setup.tex	565	0	Y	CV:def:homfly CV:def:record	Y	def:piecediagram
CV:lem:piececurve	lemma	PROVE		d1_setup.tex	reference/R/CV/d1_setup.tex	592	1	Y	CV:def:diagrammatic CV:def:piecediagram CV:lem:carriers CV:lem:carrierword	Y	lem:piececurve
CV:def:rot	definition	DEFINE		d1_setup.tex	reference/R/CV/d1_setup.tex	726	0	Y	CV:def:regular	Y	def:rot
CV:lem:turnlift	lemma	PROVE		d1_setup.tex	reference/R/CV/d1_setup.tex	789	1	Y	CV:def:rot	Y	lem:turnlift
CV:def:X1	definition	DEFINE		d1_setup.tex	reference/R/CV/d1_setup.tex	908	0	Y	CV:ax:homfly CV:def:homfly CV:def:interlace CV:def:pieces CV:def:polygon	Y	def:X1
CV:prop:chamberinv	proposition	PROVE		d1_setup.tex	reference/R/CV/d1_setup.tex	932	1	Y	CV:ax:gausscode CV:ax:homfly CV:def:guarded CV:def:record CV:def:regular CV:def:wind CV:lem:carriers CV:lem:piececurve CV:lem:turnlift	Y	prop:chamberinv
CV:def:event	definition	DEFINE		d1_setup.tex	reference/R/CV/d1_setup.tex	1072	0	Y		Y	def:event
CV:lem:guardconst	lemma	PROVE		d1_setup.tex	reference/R/CV/d1_setup.tex	1107	1	Y	CV:def:event	Y	lem:guardconst
CV:def:silent	definition	DEFINE		d1_setup.tex	reference/R/CV/d1_setup.tex	1265	0	Y		Y	def:silent
CV:lem:silence	lemma	PROVE		d1_setup.tex	reference/R/CV/d1_setup.tex	1300	1	Y	CV:ax:gausscode CV:ax:homfly CV:def:X1 CV:def:record CV:def:silent CV:lem:guardconst CV:lem:piececurve CV:lem:turnlift CV:prop:chamberinv	Y	lem:silence
CV:lem:rounding	lemma	PROVE		d3_floor.tex	reference/R/CV/d3_floor.tex	31	1	Y	CV:def:rot CV:lem:turnlift	Y	lem:rounding
CV:lem:uniformrot	lemma	PROVE		d3_floor.tex	reference/R/CV/d3_floor.tex	263	1	Y	CV:def:rot CV:lem:turnlift	Y	lem:uniformrot
CV:lem:curl	lemma	PROVE		d3_floor.tex	reference/R/CV/d3_floor.tex	304	1	Y	CV:ax:gausscode CV:ax:homfly CV:def:rot CV:lem:rounding CV:lem:turnlift	Y	lem:curl
CV:thm:carrierfloor	theorem	PROVE		d3_floor.tex	reference/R/CV/d3_floor.tex	736	1	Y	CV:ax:etnyre CV:ax:homfly CV:ax:slbound CV:def:X1 CV:def:diagrammatic CV:def:rot CV:def:wind CV:lem:curl CV:lem:rounding CV:lem:turnlift CV:lem:uniformrot	Y	thm:carrierfloor eq:floor
CV:lem:pieceintrinsic	lemma	PROVE		d6_vertexedge.tex	reference/R/CV/d6_vertexedge.tex	56	1	Y	CV:ax:gausscode CV:def:piecediagram CV:def:record CV:lem:carrierword	Y	lem:pieceintrinsic
CV:lem:homflyrows	lemma	PROVE		d6_vertexedge.tex	reference/R/CV/d6_vertexedge.tex	117	1	Y	CV:ax:homfly CV:def:homfly	Y	lem:homflyrows
CV:cor:groupedknot	corollary	PROVE		d6_vertexedge.tex	reference/R/CV/d6_vertexedge.tex	263	1	Y	CV:ax:gausscode CV:def:diagrammatic CV:def:piecediagram CV:def:record CV:def:smoothing CV:lem:carriers CV:lem:homflyrows CV:lem:piececurve CV:lem:pieceintrinsic	Y	cor:groupedknot
CV:lem:fulltwist	lemma	PROVE		d6_vertexedge.tex	reference/R/CV/d6_vertexedge.tex	1981	1	Y	CV:ax:homfly CV:def:rot	Y	lem:fulltwist
CV:ax:R	axiom	HYPOTHESIS		d10_axioms.tex	reference/R/CV/d10_axioms.tex	18	0	Y	CV:def:event	Y	ax:R
CV:ax:homfly	axiom	PROVE		d10_axioms.tex	reference/R/CV/d10_axioms.tex	342	0	Y	lit:homfly lp:core	Y	ax:homfly
CV:ax:etnyre	axiom	PROVE		d10_axioms.tex	reference/R/CV/d10_axioms.tex	387	0	Y	src:contact	Y	ax:etnyre
CV:ax:slbound	axiom	PROVE		d10_axioms.tex	reference/R/CV/d10_axioms.tex	399	0	Y	fd:contact	Y	ax:slbound
CV:ax:gausscode	axiom	PROVE		d10_axioms.tex	reference/R/CV/d10_axioms.tex	525	0	Y	CV:def:record def:gauss-record rp:record-polynomial	Y	ax:gausscode
CV:selector_A	clause	PROVE		d6_vertexedge.tex	reference/R/CV/d6_vertexedge.tex	1017	1	Y	CV:def:generic CV:def:regular CV:lem:carriers	Y	lem:selectorid(A)
CV:singleton_D_i	clause	PROVE		d6_vertexedge.tex	reference/R/CV/d6_vertexedge.tex	2682	1	Y	CV:def:X1 CV:def:pieces CV:lem:carriers CV:thm:carrierfloor CV:cor:groupedknot CV:lem:homflyrows cb:singleton	Y	thm:s7universal(D)(i)
